EmpID,Status
2,0
3,0
8,0
10,0
13,0
17,0
18,0
19,0
23,0
29,0
36,0
39,0
40,0
42,0
45,0
46,0
50,0
51,0
54,0
55,0
58,0
59,0
64,0
68,0
71,0
74,0
75,0
76,0
77,0
78,0
79,0
81,0
85,0
86,0
90,0
92,0
93,0
99,0
104,0
109,0
113,0
114,0
116,0
117,0
118,0
122,0
132,0
140,0
143,0
150,0
152,0
153,0
172,0
176,0
178,0
183,0
188,0
189,0
190,0
191,0
198,0
201,0
206,0
210,0
212,0
215,0
219,0
221,0
222,0
225,0
226,0
233,0
238,0
243,0
254,0
255,0
261,0
262,0
264,0
266,0
267,0
269,0
278,0
290,0
292,0
294,0
296,0
299,0
300,0
301,0
303,0
304,0
305,0
307,0
309,0
312,0
313,0
314,0
319,0
325,0
333,0
334,0
336,0
341,0
346,0
349,0
350,0
352,0
358,0
361,0
365,0
368,0
374,0
377,0
385,0
386,0
392,0
393,0
398,0
405,0
408,0
413,0
417,0
420,0
426,0
427,0
436,0
440,0
444,0
454,0
456,0
463,0
464,0
465,0
469,0
472,0
473,0
474,0
477,0
482,0
487,0
488,0
494,0
496,0
499,0
503,0
506,0
507,0
516,0
517,0
522,0
524,0
527,0
529,0
531,0
535,0
537,0
538,0
543,0
546,0
547,0
550,0
556,0
561,0
562,0
568,0
574,0
577,0
580,0
585,0
586,0
595,0
597,0
599,0
600,0
603,0
606,0
607,0
619,0
625,0
636,0
640,0
651,0
655,0
657,0
658,0
660,0
661,0
665,0
666,0
670,0
674,0
677,0
680,0
681,0
683,0
685,0
687,0
690,0
692,0
693,0
695,0
697,0
698,0
704,0
705,0
709,0
710,0
711,0
722,0
724,0
726,0
727,0
729,0
731,0
732,0
734,0
737,0
738,0
742,0
744,0
752,0
756,0
757,0
758,0
764,0
769,0
770,0
772,0
777,0
782,0
784,0
785,0
791,0
793,0
794,0
801,0
802,0
803,0
807,0
809,0
813,0
816,0
817,0
833,0
835,0
841,0
844,0
845,0
849,0
852,0
857,0
858,0
860,0
868,0
870,0
871,0
873,0
874,0
876,0
881,0
884,0
895,0
896,0
900,0
903,0
907,0
909,0
914,0
920,0
923,0
931,0
932,0
934,0
935,0
936,0
937,0
939,0
941,0
942,0
948,0
953,0
961,0
962,0
963,0
964,0
972,0
973,0
977,0
978,0
985,0
987,0
992,0
998,0
1001,0
1003,0
1004,0
1005,0
1006,0
1010,0
1014,0
1016,0
1020,0
1022,0
1037,0
1039,0
1042,0
1043,0
1050,0
1051,0
1052,0
1053,0
1056,0
1059,0
1061,0
1064,0
1073,0
1074,0
1079,0
1086,0
1087,0
1095,0
1096,0
1106,0
1107,0
1110,0
1111,0
1112,0
1119,0
1125,0
1128,0
1129,0
1133,0
1137,0
1138,0
1142,0
1143,0
1146,0
1147,0
1150,0
1157,0
1161,0
1162,0
1163,0
1172,0
1174,0
1175,0
1191,0
1193,0
1194,0
1196,0
1199,0
1202,0
1204,0
1210,0
1212,0
1222,0
1224,0
1226,0
1229,0
1232,0
1237,0
1240,0
1242,0
1250,0
1251,0
1256,0
1258,0
1260,0
1261,0
1262,0
1270,0
1279,0
1282,0
1287,0
1293,0
1296,0
1302,0
1304,0
1307,0
1310,0
1311,0
1313,0
1314,0
1317,0
1318,0
1320,0
1321,0
1326,0
1333,0
1336,0
1338,0
1342,0
1344,0
1347,0
1351,0
1362,0
1364,0
1365,0
1369,0
1373,0
1378,0
1380,0
1383,0
1386,0
1389,0
1393,0
1398,0
1404,0
1406,0
1415,0
1420,0
1422,0
1423,0
1424,0
1433,0
1435,0
1436,0
1438,0
1443,0
1447,0
1453,0
1457,0
1461,0
1463,0
1464,0
1466,0
1470,0
1472,0
1473,0
1474,0
1478,0
1484,0
1487,0
1489,0
1490,0
1494,0
1495,0
1501,0
1504,0
1505,0
1506,0
1511,0
1513,0
1523,0
1524,0
1529,0
1533,0
1535,0
1537,0
1545,0
1550,0
1555,0
1557,0
1562,0
1563,0
1570,0
1571,0
1573,0
1574,0
1575,0
1581,0
1583,0
1585,0
1590,0
1593,0
1595,0
1596,0
1599,0
1600,0
1601,0
1602,0
1603,0
1604,0
1606,0
1608,0
1610,0
1611,0
1614,0
1616,0
1627,0
1630,0
1636,0
1637,0
1639,0
1644,0
1645,0
1646,0
1647,0
1648,0
1654,0
1656,0
1662,0
1663,0
1666,0
1668,0
1669,0
1682,0
1686,0
1689,0
1690,0
1706,0
1707,0
1713,0
1714,0
1715,0
1716,0
1725,0
1726,0
1727,0
1733,0
1738,0
1739,0
1740,0
1741,0
1750,0
1751,0
1759,0
1761,0
1762,0
1765,0
1766,0
1768,0
1774,0
1776,0
1779,0
1780,0
1794,0
1796,0
1799,0
1800,0
1801,0
1806,0
1811,0
1813,0
1816,0
1817,0
1818,0
1820,0
1823,0
1825,0
1826,0
1828,0
1842,0
1846,0
1852,0
1854,0
1858,0
1859,0
1873,0
1874,0
1876,0
1878,0
1881,0
1886,0
1887,0
1890,0
1894,0
1895,0
1897,0
1899,0
1906,0
1912,0
1913,0
1917,0
1918,0
1922,0
1925,0
1929,0
1934,0
1939,0
1941,0
1946,0
1952,0
1953,0
1959,0
1960,0
1967,0
1968,0
1969,0
1973,0
1975,0
1977,0
1982,0
1984,0
1990,0
1992,0
1994,0
1995,0
1997,0
1998,0
1999,0
2000,0
2004,0
2010,0
2016,0
2019,0
2025,0
2026,0
2027,0
2029,0
2030,0
2031,0
2037,0
2040,0
2041,0
2042,0
2044,0
2045,0
2054,0
2063,0
2064,0
2067,0
2077,0
2083,0
2085,0
2092,0
2096,0
2100,0
2102,0
2104,0
2109,0
2115,0
2119,0
2126,0
2136,0
2138,0
2143,0
2147,0
2148,0
2152,0
2157,0
2162,0
2163,0
2166,0
2171,0
2173,0
2179,0
2189,0
2191,0
2193,0
2195,0
2197,0
2201,0
2203,0
2207,0
2208,0
2209,0
2220,0
2224,0
2225,0
2231,0
2232,0
2239,0
2242,0
2243,0
2252,0
2256,0
2261,0
2263,0
2265,0
2269,0
2274,0
2278,0
2282,0
2283,0
2295,0
2304,0
2312,0
2320,0
2322,0
2327,0
2328,0
2330,0
2336,0
2339,0
2344,0
2345,0
2346,0
2351,0
2357,0
2367,0
2368,0
2369,0
2372,0
2374,0
2378,0
2381,0
2383,0
2385,0
2389,0
2390,0
2394,0
2396,0
2405,0
2407,0
2408,0
2409,0
2410,0
2411,0
2413,0
2422,0
2431,0
2440,0
2441,0
2444,0
2446,0
2465,0
2467,0
2472,0
2473,0
2478,0
2491,0
2492,0
2496,0
2498,0
2500,0
2504,0
2505,0
2510,0
2516,0
2519,0
2530,0
2531,0
2537,0
2541,0
2542,0
2543,0
2546,0
2550,0
2553,0
2556,0
2559,0
2560,0
2564,0
2565,0
2566,0
2568,0
2569,0
2570,0
2573,0
2574,0
2575,0
2576,0
2577,0
2579,0
2580,0
2585,0
2588,0
2589,0
2592,0
2595,0
2598,0
2600,0
2601,0
2603,0
2608,0
2609,0
2612,0
2613,0
2615,0
2619,0
2620,0
2621,0
2623,0
2626,0
2632,0
2636,0
2638,0
2639,0
2641,0
2642,0
2644,0
2647,0
2650,0
2654,0
2655,0
2658,0
2661,0
2665,0
2672,0
2673,0
2674,0
2676,0
2682,0
2685,0
2688,0
2690,0
2694,0
2698,0
2701,0
2704,0
2706,0
2709,0
2712,0
2714,0
2715,0
2717,0
2722,0
2725,0
2726,0
2732,0
2734,0
2741,0
2742,0
2745,0
2749,0
2751,0
2754,0
2756,0
2757,0
2761,0
2772,0
2777,0
2782,0
2797,0
2798,0
2800,0
2801,0
2804,0
2808,0
2809,0
2810,0
2812,0
2815,0
2817,0
2820,0
2821,0
2823,0
2825,0
2833,0
2835,0
2840,0
2841,0
2842,0
2848,0
2851,0
2856,0
2857,0
2859,0
2865,0
2867,0
2869,0
2870,0
2877,0
2883,0
2884,0
2885,0
2886,0
2888,0
2890,0
2893,0
2903,0
2909,0
2910,0
2911,0
2912,0
2915,0
2917,0
2925,0
2926,0
2928,0
2929,0
2931,0
2932,0
2934,0
2937,0
2943,0
2945,0
2949,0
2950,0
2951,0
2954,0
2958,0
2959,0
2963,0
2964,0
2967,0
2969,0
2972,0
2974,0
2976,0
2977,0
2989,0
3000,0
3002,0
3008,0
3010,0
3014,0
3017,0
3028,0
3030,0
3036,0
3041,0
3045,0
3048,0
3049,0
3051,0
3052,0
3055,0
3058,0
3061,0
3069,0
3072,0
3074,0
3077,0
3078,0
3082,0
3083,0
3085,0
3091,0
3099,0
3101,0
3109,0
3112,0
3113,0
3114,0
3117,0
3123,0
3126,0
3127,0
3129,0
3130,0
3133,0
3134,0
3136,0
3140,0
3144,0
3153,0
3157,0
3171,0
3183,0
3184,0
3185,0
3188,0
3191,0
3192,0
3195,0
3198,0
3199,0
3202,0
3206,0
3207,0
3209,0
3210,0
3212,0
3223,0
3229,0
3233,0
3236,0
3239,0
3240,0
3243,0
3247,0
3248,0
3250,0
3251,0
3253,0
3254,0
3255,0
3267,0
3272,0
3277,0
3286,0
3290,0
3291,0
3292,0
3296,0
3300,0
3301,0
3303,0
3304,0
3313,0
3319,0
3323,0
3324,0
3326,0
3328,0
3330,0
3331,0
3333,0
3335,0
3340,0
3343,0
3349,0
3350,0
3351,0
3354,0
3360,0
3368,0
3369,0
3370,0
3371,0
3375,0
3376,0
3378,0
3383,0
3385,0
3388,0
3392,0
3394,0
3402,0
3407,0
3412,0
3413,0
3414,0
3416,0
3417,0
3421,0
3427,0
3428,0
3430,0
3431,0
3432,0
3433,0
3435,0
3437,0
3438,0
3450,0
3454,0
3455,0
3457,0
3461,0
3463,0
3466,0
3468,0
3469,0
3478,0
3479,0
3480,0
3482,0
3485,0
3491,0
3493,0
3494,0
3499,0
3502,0
3503,0
3505,0
3507,0
3508,0
3513,0
3518,0
3523,0
3525,0
3528,0
3532,0
3540,0
3542,0
3544,0
3550,0
3554,0
3555,0
3558,0
3560,0
3562,0
3564,0
3567,0
3571,0
3574,0
3576,0
3578,0
3579,0
3580,0
3584,0
3585,0
3586,0
3594,0
3597,0
3598,0
3599,0
3601,0
3602,0
3604,0
3609,0
3612,0
3614,0
3615,0
3616,0
3618,0
3630,0
3631,0
3632,0
3635,0
3636,0
3640,0
3642,0
3649,0
3651,0
3661,0
3669,0
3677,0
3682,0
3684,0
3685,0
3688,0
3699,0
3707,0
3709,0
3715,0
3716,0
3719,0
3720,0
3724,0
3729,0
3737,0
3738,0
3740,0
3741,0
3744,0
3746,0
3749,0
3754,0
3758,0
3760,0
3761,0
3771,0
3773,0
3778,0
3781,0
3783,0
3790,0
3794,0
3795,0
3796,0
3802,0
3806,0
3810,0
3820,0
3825,0
3828,0
3835,0
3838,0
3839,0
3843,0
3848,0
3861,0
3871,0
3873,0
3874,0
3876,0
3880,0
3885,0
3887,0
3893,0
3901,0
3902,0
3903,0
3905,0
3906,0
3908,0
3909,0
3913,0
3921,0
3925,0
3926,0
3929,0
3933,0
3937,0
3940,0
3942,0
3946,0
3961,0
3964,0
3968,0
3972,0
3974,0
3981,0
3989,0
3991,0
3994,0
4013,0
4014,0
4018,0
4019,0
4020,0
4022,0
4023,0
4029,0
4030,0
4033,0
4034,0
4036,0
4037,0
4039,0
4043,0
4050,0
4051,0
4053,0
4055,0
4058,0
4062,0
4068,0
4069,0
4072,0
4077,0
4078,0
4091,0
4092,0
4099,0
4102,0
4108,0
4109,0
4110,0
4111,0
4114,0
4115,0
4116,0
4118,0
4119,0
4120,0
4125,0
4126,0
4139,0
4149,0
4151,0
4152,0
4153,0
4155,0
4157,0
4160,0
4162,0
4163,0
4165,0
4168,0
4169,0
4171,0
4173,0
4176,0
4177,0
4179,0
4183,0
4190,0
4197,0
4198,0
4199,0
4201,0
4205,0
4207,0
4210,0
4216,0
4222,0
4229,0
4232,0
4234,0
4238,0
4241,0
4242,0
4246,0
4247,0
4250,0
4251,0
4252,0
4253,0
4254,0
4256,0
4259,0
4260,0
4265,0
4267,0
4268,0
4271,0
4278,0
4284,0
4287,0
4289,0
4292,0
4297,0
4298,0
4301,0
4312,0
4315,0
4316,0
4324,0
4326,0
4327,0
4335,0
4337,0
4339,0
4340,0
4341,0
4342,0
4345,0
4356,0
4357,0
4359,0
4367,0
4368,0
4370,0
4372,0
4376,0
4387,0
4388,0
4389,0
4391,0
4392,0
4395,0
4397,0
4412,0
4413,0
4418,0
4421,0
4422,0
4426,0
4427,0
4429,0
4432,0
4450,0
4454,0
4458,0
4459,0
4461,0
4463,0
4465,0
4468,0
4473,0
4474,0
4477,0
4479,0
4482,0
4497,0
4498,0
4503,0
4508,0
4510,0
4514,0
4522,0
4523,0
4535,0
4536,0
4537,0
4539,0
4541,0
4542,0
4548,0
4549,0
4550,0
4553,0
4554,0
4557,0
4564,0
4568,0
4569,0
4574,0
4577,0
4579,0
4583,0
4588,0
4591,0
4592,0
4594,0
4607,0
4611,0
4614,0
4616,0
4617,0
4623,0
4632,0
4649,0
4653,0
4654,0
4656,0
4657,0
4661,0
4668,0
4674,0
4678,0
4682,0
4691,0
4696,0
4700,0
4703,0
4707,0
4710,0
4714,0
4715,0
4722,0
4725,0
4730,0
4733,0
4735,0
4736,0
4737,0
4743,0
4747,0
4748,0
4751,0
4757,0
4761,0
4763,0
4765,0
4771,0
4773,0
4779,0
4780,0
4783,0
4785,0
4786,0
4788,0
4789,0
4791,0
4796,0
4798,0
4802,0
4804,0
4805,0
4808,0
4810,0
4813,0
4821,0
4824,0
4825,0
4826,0
4827,0
4833,0
4834,0
4835,0
4838,0
4847,0
4848,0
4853,0
4856,0
4858,0
4863,0
4875,0
4876,0
4879,0
4881,0
4886,0
4887,0
4890,0
4891,0
4892,0
4893,0
4895,0
4902,0
4905,0
4913,0
4914,0
4918,0
4919,0
4924,0
4925,0
4927,0
4931,0
4932,0
4940,0
4941,0
4955,0
4956,0
4957,0
4959,0
4966,0
4968,0
4971,0
4977,0
4979,0
4981,0
4984,0
4988,0
4992,0
4994,0
4998,0
5004,0
5005,0
5006,0
5010,0
5014,0
5015,0
5017,0
5020,0
5021,0
5026,0
5027,0
5029,0
5034,0
5037,0
5040,0
5044,0
5045,0
5046,0
5048,0
5056,0
5063,0
5064,0
5065,0
5066,0
5068,0
5071,0
5074,0
5077,0
5079,0
5080,0
5082,0
5083,0
5085,0
5089,0
5092,0
5094,0
5097,0
5098,0
5103,0
5106,0
5107,0
5108,0
5111,0
5113,0
5114,0
5119,0
5121,0
5123,0
5129,0
5132,0
5138,0
5139,0
5140,0
5143,0
5153,0
5160,0
5162,0
5164,0
5165,0
5166,0
5167,0
5176,0
5180,0
5184,0
5186,0
5188,0
5189,0
5193,0
5195,0
5199,0
5202,0
5204,0
5207,0
5216,0
5217,0
5220,0
5221,0
5222,0
5223,0
5225,0
5228,0
5231,0
5232,0
5234,0
5238,0
5239,0
5240,0
5241,0
5252,0
5254,0
5256,0
5262,0
5267,0
5269,0
5271,0
5279,0
5287,0
5293,0
5296,0
5300,0
5308,0
5309,0
5316,0
5322,0
5325,0
5332,0
5337,0
5339,0
5342,0
5346,0
5356,0
5363,0
5365,0
5367,0
5368,0
5371,0
5381,0
5389,0
5391,0
5402,0
5407,0
5410,0
5411,0
5413,0
5417,0
5421,0
5426,0
5427,0
5429,0
5430,0
5434,0
5435,0
5436,0
5446,0
5451,0
5452,0
5453,0
5460,0
5463,0
5469,0
5471,0
5472,0
5476,0
5479,0
5484,0
5486,0
5493,0
5497,0
5500,0
5505,0
5506,0
5508,0
5510,0
5511,0
5514,0
5518,0
5519,0
5522,0
5523,0
5527,0
5529,0
5533,0
5534,0
5538,0
5540,0
5546,0
5547,0
5548,0
5549,0
5552,0
5553,0
5557,0
5561,0
5562,0
5571,0
5572,0
5575,0
5580,0
5582,0
5584,0
5585,0
5586,0
5597,0
5601,0
5607,0
5612,0
5618,0
5627,0
5630,0
5632,0
5635,0
5636,0
5645,0
5647,0
5655,0
5657,0
5662,0
5667,0
5669,0
5670,0
5673,0
5676,0
5680,0
5683,0
5686,0
5689,0
5691,0
5694,0
5696,0
5699,0
5705,0
5707,0
5710,0
5721,0
5722,0
5723,0
5725,0
5726,0
5730,0
5735,0
5736,0
5738,0
5741,0
5745,0
5746,0
5753,0
5755,0
5760,0
5761,0
5768,0
5774,0
5777,0
5782,0
5787,0
5790,0
5796,0
5798,0
5801,0
5802,0
5806,0
5818,0
5824,0
5825,0
5826,0
5827,0
5830,0
5834,0
5835,0
5837,0
5838,0
5840,0
5842,0
5843,0
5845,0
5848,0
5854,0
5864,0
5866,0
5868,0
5869,0
5872,0
5874,0
5876,0
5879,0
5882,0
5890,0
5894,0
5898,0
5899,0
5903,0
5905,0
5912,0
5915,0
5919,0
5920,0
5940,0
5943,0
5945,0
5951,0
5955,0
5960,0
5961,0
5963,0
5967,0
5969,0
5971,0
5976,0
5981,0
5983,0
5985,0
5990,0
5993,0
5999,0
6004,0
6005,0
6007,0
6008,0
6009,0
6013,0
6019,0
6023,0
6033,0
6034,0
6037,0
6038,0
6048,0
6052,0
6053,0
6054,0
6055,0
6058,0
6066,0
6067,0
6068,0
6072,0
6077,0
6078,0
6080,0
6082,0
6086,0
6097,0
6098,0
6102,0
6105,0
6108,0
6116,0
6117,0
6120,0
6121,0
6127,0
6131,0
6132,0
6133,0
6142,0
6143,0
6144,0
6147,0
6148,0
6155,0
6157,0
6159,0
6164,0
6165,0
6176,0
6177,0
6179,0
6188,0
6189,0
6193,0
6197,0
6198,0
6201,0
6203,0
6204,0
6205,0
6211,0
6216,0
6219,0
6223,0
6236,0
6238,0
6244,0
6245,0
6247,0
6256,0
6259,0
6261,0
6273,0
6275,0
6290,0
6293,0
6295,0
6296,0
6301,0
6304,0
6308,0
6312,0
6319,0
6321,0
6324,0
6331,0
6335,0
6338,0
6339,0
6340,0
6342,0
6347,0
6349,0
6353,0
6354,0
6357,0
6359,0
6360,0
6362,0
6365,0
6369,0
6371,0
6380,0
6382,0
6383,0
6384,0
6387,0
6390,0
6394,0
6395,0
6396,0
6400,0
6401,0
6407,0
6408,0
6409,0
6411,0
6414,0
6440,0
6442,0
6443,0
6447,0
6454,0
6455,0
6457,0
6462,0
6464,0
6473,0
6474,0
6478,0
6479,0
6482,0
6484,0
6485,0
6486,0
6491,0
6494,0
6498,0
6502,0
6503,0
6505,0
6513,0
6514,0
6521,0
6524,0
6533,0
6535,0
6542,0
6546,0
6548,0
6554,0
6556,0
6558,0
6559,0
6561,0
6563,0
6572,0
6574,0
6577,0
6581,0
6584,0
6585,0
6589,0
6597,0
6598,0
6601,0
6602,0
6608,0
6613,0
6614,0
6615,0
6618,0
6620,0
6622,0
6624,0
6628,0
6632,0
6633,0
6634,0
6641,0
6647,0
6649,0
6650,0
6652,0
6653,0
6656,0
6657,0
6660,0
6662,0
6666,0
6671,0
6673,0
6674,0
6681,0
6683,0
6687,0
6688,0
6690,0
6693,0
6701,0
6706,0
6709,0
6710,0
6711,0
6712,0
6715,0
6727,0
6729,0
6730,0
6733,0
6734,0
6741,0
6747,0
6750,0
6755,0
6767,0
6769,0
6770,0
6771,0
6773,0
6774,0
6775,0
6780,0
6784,0
6785,0
6786,0
6789,0
6794,0
6799,0
6804,0
6817,0
6820,0
6824,0
6826,0
6831,0
6832,0
6834,0
6838,0
6840,0
6849,0
6850,0
6855,0
6857,0
6858,0
6863,0
6866,0
6870,0
6872,0
6877,0
6878,0
6884,0
6885,0
6887,0
6888,0
6889,0
6892,0
6893,0
6894,0
6907,0
6912,0
6913,0
6915,0
6917,0
6920,0
6923,0
6925,0
6926,0
6927,0
6928,0
6931,0
6932,0
6933,0
6935,0
6936,0
6939,0
6945,0
6947,0
6948,0
6951,0
6953,0
6956,0
6959,0
6968,0
6974,0
6975,0
6977,0
6980,0
6981,0
6989,0
6990,0
6991,0
6993,0
6999,0
7000,0
7003,0
7004,0
7006,0
7009,0
7016,0
7017,0
7027,0
7034,0
7038,0
7041,0
7043,0
7046,0
7047,0
7049,0
7052,0
7055,0
7056,0
7057,0
7060,0
7065,0
7066,0
7068,0
7074,0
7075,0
7076,0
7078,0
7081,0
7083,0
7085,0
7088,0
7091,0
7094,0
7097,0
7099,0
7100,0
7114,0
7124,0
7126,0
7130,0
7135,0
7139,0
7142,0
7143,0
7154,0
7156,0
7161,0
7162,0
7163,0
7170,0
7177,0
7181,0
7183,0
7184,0
7186,0
7187,0
7191,0
7193,0
7194,0
7199,0
7200,0
7203,0
7204,0
7207,0
7208,0
7212,0
7216,0
7226,0
7235,0
7238,0
7239,0
7242,0
7249,0
7251,0
7253,0
7258,0
7261,0
7264,0
7272,0
7278,0
7279,0
7287,0
7294,0
7295,0
7296,0
7299,0
7301,0
7303,0
7308,0
7316,0
7320,0
7321,0
7323,0
7325,0
7327,0
7341,0
7343,0
7345,0
7349,0
7356,0
7357,0
7362,0
7365,0
7366,0
7367,0
7368,0
7371,0
7376,0
7378,0
7380,0
7386,0
7389,0
7390,0
7391,0
7392,0
7401,0
7404,0
7405,0
7406,0
7407,0
7414,0
7415,0
7418,0
7420,0
7421,0
7422,0
7428,0
7433,0
7434,0
7440,0
7443,0
7444,0
7449,0
7452,0
7460,0
7470,0
7476,0
7481,0
7482,0
7483,0
7484,0
7486,0
7489,0
7490,0
7491,0
7494,0
7495,0
7502,0
7506,0
7508,0
7509,0
7510,0
7511,0
7512,0
7516,0
7517,0
7526,0
7540,0
7549,0
7551,0
7561,0
7563,0
7565,0
7567,0
7568,0
7574,0
7577,0
7588,0
7593,0
7598,0
7599,0
7613,0
7616,0
7625,0
7630,0
7634,0
7636,0
7640,0
7644,0
7649,0
7652,0
7656,0
7657,0
7658,0
7664,0
7666,0
7667,0
7668,0
7669,0
7671,0
7672,0
7673,0
7674,0
7682,0
7683,0
7695,0
7696,0
7699,0
7700,0
7701,0
7709,0
7711,0
7712,0
7719,0
7722,0
7728,0
7731,0
7736,0
7737,0
7743,0
7744,0
7747,0
7752,0
7753,0
7755,0
7756,0
7758,0
7760,0
7763,0
7764,0
7774,0
7777,0
7778,0
7782,0
7785,0
7789,0
7800,0
7809,0
7810,0
7811,0
7812,0
7814,0
7820,0
7822,0
7824,0
7825,0
7830,0
7833,0
7837,0
7840,0
7847,0
7852,0
7855,0
7858,0
7859,0
7860,0
7861,0
7866,0
7867,0
7872,0
7876,0
7877,0
7879,0
7880,0
7882,0
7887,0
7889,0
7895,0
7897,0
7904,0
7907,0
7910,0
7912,0
7913,0
7921,0
7922,0
7923,0
7925,0
7929,0
7930,0
7934,0
7940,0
7943,0
7945,0
7954,0
7957,0
7959,0
7963,0
7965,0
7966,0
7967,0
7972,0
7978,0
7979,0
7982,0
7987,0
7993,0
7996,0
7999,0
8009,0
8011,0
8015,0
8018,0
8021,0
8022,0
8027,0
8040,0
8042,0
8043,0
8047,0
8050,0
8051,0
8052,0
8066,0
8071,0
8072,0
8082,0
8083,0
8085,0
8099,0
8101,0
8112,0
8114,0
8120,0
8126,0
8132,0
8134,0
8137,0
8139,0
8140,0
8141,0
8143,0
8144,0
8148,0
8156,0
8158,0
8162,0
8165,0
8173,0
8177,0
8179,0
8180,0
8181,0
8182,0
8183,0
8185,0
8187,0
8191,0
8193,0
8201,0
8205,0
8214,0
8215,0
8218,0
8238,0
8248,0
8252,0
8256,0
8258,0
8259,0
8261,0
8262,0
8266,0
8268,0
8286,0
8289,0
8292,0
8298,0
8299,0
8300,0
8303,0
8304,0
8305,0
8308,0
8321,0
8327,0
8329,0
8331,0
8337,0
8340,0
8346,0
8354,0
8357,0
8369,0
8377,0
8384,0
8386,0
8387,0
8388,0
8390,0
8392,0
8393,0
8396,0
8402,0
8405,0
8407,0
8408,0
8414,0
8415,0
8416,0
8417,0
8421,0
8423,0
8424,0
8431,0
8436,0
8439,0
8443,0
8446,0
8449,0
8451,0
8456,0
8457,0
8458,0
8462,0
8465,0
8467,0
8469,0
8471,0
8476,0
8484,0
8488,0
8489,0
8492,0
8500,0
8506,0
8511,0
8512,0
8515,0
8516,0
8518,0
8521,0
8523,0
8532,0
8533,0
8534,0
8543,0
8544,0
8545,0
8547,0
8552,0
8555,0
8558,0
8559,0
8562,0
8567,0
8571,0
8574,0
8576,0
8577,0
8578,0
8579,0
8582,0
8585,0
8588,0
8590,0
8592,0
8599,0
8602,0
8604,0
8605,0
8609,0
8611,0
8612,0
8614,0
8618,0
8622,0
8623,0
8624,0
8625,0
8627,0
8630,0
8635,0
8638,0
8640,0
8641,0
8642,0
8643,0
8644,0
8646,0
8647,0
8652,0
8657,0
8659,0
8660,0
8662,0
8665,0
8673,0
8675,0
8685,0
8698,0
8705,0
8708,0
8709,0
8710,0
8712,0
8716,0
8717,0
8735,0
8745,0
8748,0
8749,0
8752,0
8754,0
8755,0
8757,0
8760,0
8765,0
8767,0
8770,0
8772,0
8778,0
8784,0
8788,0
8791,0
8798,0
8802,0
8803,0
8804,0
8810,0
8814,0
8815,0
8817,0
8820,0
8822,0
8827,0
8831,0
8833,0
8835,0
8841,0
8845,0
8848,0
8850,0
8851,0
8852,0
8855,0
8856,0
8857,0
8859,0
8860,0
8862,0
8863,0
8864,0
8867,0
8870,0
8873,0
8874,0
8875,0
8880,0
8884,0
8885,0
8888,0
8891,0
8894,0
8896,0
8899,0
8901,0
8908,0
8909,0
8911,0
8916,0
8918,0
8920,0
8925,0
8929,0
8930,0
8931,0
8932,0
8938,0
8941,0
8943,0
8946,0
8948,0
8953,0
8954,0
8961,0
8968,0
8973,0
8975,0
8976,0
8978,0
8982,0
8985,0
8987,0
8988,0
8993,0
8996,0
8999,0
9001,0
9002,0
9010,0
9012,0
9018,0
9025,0
9028,0
9031,0
9032,0
9033,0
9041,0
9043,0
9057,0
9060,0
9070,0
9071,0
9073,0
9078,0
9080,0
9088,0
9090,0
9091,0
9097,0
9100,0
9101,0
9104,0
9107,0
9112,0
9114,0
9126,0
9127,0
9135,0
9136,0
9138,0
9140,0
9142,0
9148,0
9157,0
9159,0
9164,0
9165,0
9166,0
9171,0
9176,0
9177,0
9178,0
9179,0
9182,0
9184,0
9188,0
9193,0
9199,0
9204,0
9209,0
9214,0
9218,0
9222,0
9224,0
9230,0
9231,0
9233,0
9238,0
9241,0
9242,0
9243,0
9251,0
9252,0
9254,0
9255,0
9256,0
9262,0
9263,0
9269,0
9270,0
9271,0
9272,0
9277,0
9279,0
9281,0
9283,0
9285,0
9286,0
9290,0
9293,0
9298,0
9300,0
9308,0
9319,0
9322,0
9329,0
9333,0
9335,0
9336,0
9338,0
9340,0
9345,0
9347,0
9349,0
9350,0
9352,0
9354,0
9355,0
9358,0
9362,0
9371,0
9373,0
9375,0
9376,0
9378,0
9379,0
9380,0
9384,0
9385,0
9387,0
9392,0
9394,0
9399,0
9401,0
9402,0
9414,0
9416,0
9423,0
9424,0
9427,0
9429,0
9431,0
9434,0
9440,0
9445,0
9451,0
9452,0
9455,0
9457,0
9462,0
9464,0
9465,0
9468,0
9470,0
9490,0
9491,0
9498,0
9500,0
9501,0
9503,0
9505,0
9511,0
9513,0
9519,0
9521,0
9526,0
9531,0
9536,0
9537,0
9538,0
9541,0
9547,0
9549,0
9555,0
9560,0
9563,0
9569,0
9570,0
9572,0
9576,0
9580,0
9588,0
9589,0
9592,0
9594,0
9596,0
9597,0
9606,0
9611,0
9617,0
9620,0
9624,0
9625,0
9626,0
9628,0
9633,0
9634,0
9635,0
9636,0
9644,0
9652,0
9653,0
9656,0
9658,0
9661,0
9667,0
9668,0
9673,0
9675,0
9681,0
9682,0
9684,0
9685,0
9690,0
9697,0
9700,0
9704,0
9714,0
9715,0
9717,0
9719,0
9721,0
9724,0
9725,0
9728,0
9730,0
9731,0
9732,0
9737,0
9741,0
9742,0
9744,0
9745,0
9747,0
9749,0
9750,0
9754,0
9760,0
9761,0
9769,0
9773,0
9778,0
9780,0
9781,0
9782,0
9785,0
9787,0
9796,0
9801,0
9802,0
9806,0
9807,0
9808,0
9810,0
9818,0
9819,0
9820,0
9830,0
9832,0
9840,0
9845,0
9854,0
9859,0
9867,0
9868,0
9875,0
9878,0
9880,0
9882,0
9883,0
9886,0
9889,0
9891,0
9892,0
9896,0
9898,0
9899,0
9900,0
9901,0
9904,0
9905,0
9912,0
9916,0
9919,0
9920,0
9929,0
9930,0
9934,0
9936,0
9938,0
9940,0
9941,0
9947,0
9954,0
9957,0
9959,0
9967,0
9973,0
9974,0
9976,0
9977,0
9981,0
9982,0
9995,0
9997,0
10001,0
10004,0
10006,0
10009,0
10011,0
10013,0
10016,0
10018,0
10021,0
10027,0
10028,0
10029,0
10030,0
10032,0
10034,0
10035,0
10036,0
10037,0
10038,0
10042,0
10043,0
10046,0
10048,0
10058,0
10062,0
10063,0
10067,0
10068,0
10069,0
10076,0
10078,0
10079,0
10081,0
10085,0
10090,0
10091,0
10098,0
10102,0
10106,0
10109,0
10116,0
10117,0
10119,0
10121,0
10123,0
10125,0
10126,0
10130,0
10132,0
10137,0
10139,0
10140,0
10143,0
10144,0
10146,0
10152,0
10156,0
10159,0
10161,0
10163,0
10164,0
10168,0
10169,0
10176,0
10178,0
10179,0
10185,0
10186,0
10190,0
10193,0
10196,0
10197,0
10200,0
10201,0
10207,0
10211,0
10213,0
10214,0
10215,0
10220,0
10221,0
10223,0
10234,0
10240,0
10254,0
10255,0
10257,0
10260,0
10261,0
10264,0
10268,0
10270,0
10275,0
10276,0
10278,0
10281,0
10286,0
10289,0
10292,0
10296,0
10301,0
10304,0
10307,0
10309,0
10310,0
10311,0
10313,0
10314,0
10315,0
10321,0
10332,0
10337,0
10339,0
10341,0
10345,0
10359,0
10361,0
10362,0
10365,0
10366,0
10368,0
10370,0
10373,0
10375,0
10376,0
10377,0
10378,0
10379,0
10383,0
10384,0
10386,0
10387,0
10389,0
10390,0
10391,0
10392,0
10394,0
10400,0
10401,0
10402,0
10403,0
10404,0
10409,0
10411,0
10419,0
10422,0
10426,0
10427,0
10428,0
10432,0
10433,0
10435,0
10440,0
10446,0
10448,0
10453,0
10459,0
10460,0
10463,0
10465,0
10466,0
10467,0
10468,0
10470,0
10471,0
10472,0
10473,0
10474,0
10476,0
10478,0
10484,0
10489,0
10494,0
10495,0
10499,0
10501,0
10503,0
10505,0
10507,0
10513,0
10514,0
10515,0
10516,0
10517,0
10522,0
10526,0
10527,0
10531,0
10534,0
10544,0
10552,0
10553,0
10554,0
10559,0
10564,0
10566,0
10569,0
10570,0
10581,0
10582,0
10585,0
10587,0
10592,0
10602,0
10609,0
10611,0
10615,0
10616,0
10619,0
10620,0
10622,0
10628,0
10633,0
10637,0
10645,0
10646,0
10650,0
10651,0
10652,0
10658,0
10661,0
10663,0
10666,0
10667,0
10670,0
10672,0
10674,0
10677,0
10687,0
10689,0
10694,0
10698,0
10706,0
10708,0
10710,0
10714,0
10716,0
10719,0
10724,0
10726,0
10729,0
10730,0
10733,0
10737,0
10747,0
10755,0
10757,0
10765,0
10766,0
10769,0
10770,0
10771,0
10773,0
10776,0
10777,0
10778,0
10779,0
10782,0
10783,0
10787,0
10788,0
10793,0
10795,0
10798,0
10801,0
10802,0
10804,0
10805,0
10809,0
10813,0
10815,0
10818,0
10821,0
10830,0
10838,0
10845,0
10846,0
10851,0
10853,0
10854,0
10860,0
10863,0
10865,0
10867,0
10870,0
10874,0
10875,0
10881,0
10883,0
10884,0
10889,0
10892,0
10894,0
10902,0
10907,0
10908,0
10918,0
10920,0
10930,0
10933,0
10936,0
10938,0
10945,0
10946,0
10948,0
10949,0
10951,0
10955,0
10958,0
10961,0
10965,0
10975,0
10976,0
10977,0
10983,0
10988,0
10991,0
10994,0
10996,0
10997,0
11000,0
11001,0
11002,0
11005,0
11006,0
11008,0
11011,0
11015,0
11019,0
11020,0
11022,0
11027,0
11028,0
11042,0
11044,0
11047,0
11049,0
11052,0
11054,0
11057,0
11061,0
11063,0
11071,0
11072,0
11073,0
11074,0
11083,0
11086,0
11088,0
11097,0
11099,0
11100,0
11101,0
11104,0
11106,0
11111,0
11122,0
11125,0
11139,0
11141,0
11144,0
11155,0
11158,0
11165,0
11169,0
11170,0
11177,0
11178,0
11182,0
11186,0
11197,0
11198,0
11200,0
11201,0
11211,0
11213,0
11214,0
11219,0
11221,0
11223,0
11227,0
11229,0
11240,0
11243,0
11244,0
11248,0
11250,0
11253,0
11254,0
11257,0
11259,0
11267,0
11268,0
11276,0
11277,0
11280,0
11282,0
11283,0
11287,0
11292,0
11301,0
11311,0
11312,0
11317,0
11322,0
11323,0
11324,0
11325,0
11328,0
11331,0
11337,0
11340,0
11341,0
11352,0
11359,0
11360,0
11364,0
11366,0
11372,0
11373,0
11381,0
11383,0
11386,0
11388,0
11391,0
11392,0
11400,0
11405,0
11406,0
11408,0
11411,0
11413,0
11422,1
11425,1
11434,0
11439,0
11443,1
11444,1
11445,1
11451,1
11452,1
11455,1
11459,1
11463,1
11465,1
11466,1
11468,1
11470,1
11480,1
11481,1
11483,1
11488,1
11489,1
11494,1
11495,1
11496,1
11501,1
11505,1
11506,1
11509,1
11516,1
11518,1
11519,1
11521,1
11524,1
11526,1
11531,1
11537,1
11539,1
11546,1
11547,1
11549,1
11559,1
11561,1
11562,1
11566,1
11572,1
11578,1
11580,1
11582,1
11583,1
11584,1
11587,1
11591,1
11593,1
11605,1
11610,1
11612,1
11614,1
11626,1
11635,1
11643,1
11648,1
11652,1
11655,1
11664,1
11668,1
11669,1
11674,1
11678,1
11680,1
11682,1
11685,1
11689,1
11696,1
11697,1
11702,1
11708,1
11711,1
11713,1
11716,1
11721,1
11723,1
11724,1
11725,1
11727,1
11730,1
11732,1
11733,1
11734,1
11739,1
11742,1
11751,1
11752,1
11753,1
11755,1
11758,1
11759,1
11769,1
11770,1
11771,1
11773,1
11775,1
11778,1
11782,1
11788,1
11790,1
11793,1
11795,1
11796,1
11797,1
11798,1
11799,1
11801,1
11804,1
11806,1
11808,1
11810,1
11811,1
11817,1
11820,1
11825,1
11830,1
11832,1
11836,1
11837,1
11842,1
11846,1
11847,1
11854,1
11856,1
11857,1
11859,1
11867,1
11869,1
11873,1
11875,1
11876,1
11877,1
11881,1
11884,1
11885,1
11886,1
11889,1
11891,1
11892,1
11893,1
11896,1
11898,1
11899,1
11900,1
11905,1
11907,1
11911,1
11912,1
11916,1
11918,1
11920,1
11921,1
11922,1
11924,1
11931,1
11935,1
11943,1
11944,1
11947,1
11952,1
11953,1
11955,1
11957,1
11962,1
11966,1
11977,1
11978,1
11980,1
11986,1
11987,1
11989,1
11990,1
11991,1
11994,1
11997,1
11998,1
12003,1
12006,1
12007,1
12010,1
12018,1
12019,1
12022,1
12023,1
12025,1
12026,1
12031,1
12033,1
12034,1
12035,1
12036,1
12038,1
12046,1
12050,1
12052,1
12054,1
12059,1
12060,1
12062,1
12064,1
12067,1
12072,1
12076,1
12078,1
12079,1
12083,1
12089,1
12090,1
12092,1
12094,1
12098,1
12109,1
12114,1
12120,1
12121,1
12123,1
12126,1
12129,1
12135,1
12138,1
12139,1
12140,1
12146,1
12147,1
12161,1
12162,1
12164,1
12165,1
12167,1
12169,1
12182,1
12184,1
12187,1
12189,1
12196,1
12197,1
12198,1
12203,1
12210,1
12213,1
12217,1
12221,1
12222,1
12225,1
12228,1
12235,1
12236,1
12237,1
12239,1
12240,1
12242,1
12253,1
12254,1
12259,1
12263,1
12265,1
12267,1
12269,1
12280,1
12282,1
12284,1
12285,1
12291,1
12297,1
12298,1
12303,1
12309,1
12310,1
12313,1
12318,1
12322,1
12332,1
12333,1
12335,1
12339,1
12342,1
12343,1
12345,1
12346,1
12347,1
12351,1
12352,1
12353,1
12354,1
12356,1
12358,1
12361,1
12375,1
12376,1
12379,1
12380,1
12383,1
12387,1
12391,1
12392,1
12393,1
12395,1
12405,1
12413,1
12415,1
12418,1
12423,1
12424,1
12425,1
12427,1
12429,1
12435,1
12440,1
12443,1
12444,1
12447,1
12455,1
12459,1
12462,1
12463,1
12467,1
12471,1
12472,1
12477,1
12479,1
12480,1
12482,1
12483,1
12484,1
12486,1
12490,1
12491,1
12503,1
12505,1
12506,1
12510,1
12511,1
12512,1
12515,1
12517,1
12518,1
12520,1
12522,1
12531,1
12533,1
12535,1
12538,1
12541,1
12544,1
12545,1
12546,1
12549,1
12552,1
12560,1
12563,1
12564,1
12565,1
12567,1
12574,1
12576,1
12579,1
12581,1
12582,1
12583,1
12586,1
12601,1
12602,1
12604,1
12611,1
12612,1
12613,1
12614,1
12615,1
12618,1
12619,1
12620,1
12622,1
12625,1
12627,1
12629,1
12631,1
12636,1
12637,1
12639,1
12641,1
12642,1
12643,1
12645,1
12646,1
12649,1
12650,1
12651,1
12653,1
12655,1
12657,1
12662,1
12665,1
12666,1
12671,1
12672,1
12677,1
12681,1
12686,1
12693,1
12694,1
12695,1
12698,1
12699,1
12705,1
12709,1
12710,1
12711,1
12715,1
12719,1
12723,1
12727,1
12729,1
12730,1
12739,1
12747,1
12748,1
12750,1
12753,1
12754,1
12755,1
12756,1
12760,1
12761,1
12762,1
12764,1
12766,1
12769,1
12771,1
12776,1
12781,1
12783,1
12784,1
12793,1
12797,1
12801,1
12805,1
12806,1
12810,1
12811,1
12812,1
12813,1
12818,1
12819,1
12820,1
12825,1
12831,1
12836,1
12841,1
12845,1
12847,1
12848,1
12853,1
12859,1
12860,1
12863,1
12868,1
12869,1
12873,1
12882,1
12884,1
12887,1
12889,1
12894,1
12898,1
12904,1
12905,1
12912,1
12915,1
12916,1
12919,1
12920,1
12923,1
12926,1
12931,1
12938,1
12945,1
12948,1
12949,1
12953,1
12957,1
12965,1
12968,1
12971,1
12975,1
12983,1
12984,1
12985,1
12986,1
12992,1
12995,1
12997,1
13005,1
13010,1
13013,1
13016,1
13017,1
13023,1
13024,1
13026,1
13035,1
13038,1
13039,1
13041,1
13051,1
13053,1
13054,1
13055,1
13065,1
13066,1
13068,1
13072,1
13073,1
13074,1
13080,1
13084,1
13085,1
13088,1
13100,1
13104,1
13105,1
13108,1
13109,1
13110,1
13111,1
13112,1
13115,1
13122,1
13123,1
13128,1
13132,1
13134,1
13135,1
13137,1
13138,1
13145,1
13146,1
13159,1
13162,1
13164,1
13169,1
13176,1
13178,1
13180,1
13187,1
13189,1
13196,1
13200,1
13206,1
13207,1
13216,1
13219,1
13220,1
13222,1
13227,1
13228,1
13233,1
13234,1
13238,1
13255,1
13257,1
13265,1
13274,1
13276,1
13278,1
13281,1
13283,1
13285,1
13295,1
13297,1
13311,1
13312,1
13318,1
13322,1
13323,1
13324,1
13331,1
13343,1
13351,1
13353,1
13357,1
13362,1
13364,1
13366,1
13367,1
13371,1
13372,1
13373,1
13376,1
13379,1
13381,1
13382,1
13383,1
13389,1
13390,1
13394,1
13395,1
13396,1
13402,1
13410,1
13415,1
13417,1
13418,1
13420,1
13426,1
13430,1
13433,1
13436,1
13439,1
13443,1
13455,1
13458,1
13460,1
13462,1
13463,1
13466,1
13470,1
13472,1
13473,1
13474,1
13478,1
13479,1
13491,1
13499,1
13500,1
13502,1
13507,1
13514,1
13526,1
13529,1
13530,1
13534,1
13537,1
13539,1
13540,1
13541,1
13549,1
13550,1
13558,1
13561,1
13564,1
13565,1
13574,1
13575,1
13576,1
13577,1
13583,1
13586,1
13588,1
13593,1
13595,1
13596,1
13599,1
13601,1
13608,1
13611,1
13617,1
13619,1
13624,1
13625,1
13627,1
13628,1
13633,1
13634,1
13635,1
13638,1
13639,1
13640,1
13641,1
13646,1
13651,1
13652,1
13654,1
13655,1
13657,1
13661,1
13664,1
13667,1
13674,1
13677,1
13680,1
13681,1
13683,1
13693,1
13694,1
13699,1
13700,1
13701,1
13705,1
13716,1
13718,1
13722,1
13727,1
13730,1
13731,1
13736,1
13737,1
13738,1
13739,1
13740,1
13741,1
13745,1
13746,1
13749,1
13751,1
13755,1
13757,1
13769,1
13770,1
13774,1
13785,1
13787,1
13788,1
13789,1
13791,1
13796,1
13799,1
13804,1
13806,1
13808,1
13812,1
13813,1
13814,1
13823,1
13824,1
13828,1
13829,1
13835,1
13837,1
13839,1
13845,1
13846,1
13847,1
13849,1
13855,1
13860,1
13864,1
13867,1
13871,1
13874,1
13875,1
13879,1
13883,1
13885,1
13889,1
13890,1
13891,1
13894,1
13896,1
13900,1
13901,1
13902,1
13906,1
13907,1
13908,1
13909,1
13910,1
13916,1
13917,1
13920,1
13924,1
13925,1
13930,1
13932,1
13933,1
13934,1
13935,1
13938,1
13939,1
13940,1
13941,1
13942,1
13944,1
13945,1
13949,1
13950,1
13951,1
13954,1
13955,1
13959,1
13964,1
13968,1
13978,1
13979,1
13982,1
13984,1
13988,1
13993,1
13994,1
14006,1
14009,1
14012,1
14013,1
14015,1
14022,1
14024,1
14028,1
14030,1
14035,1
14048,1
14049,1
14052,1
14054,1
14055,1
14063,1
14067,1
14068,1
14072,1
14074,1
14076,1
14078,1
14080,1
14086,1
14087,1
14090,1
14091,1
14096,1
14097,1
14099,1
14103,1
14104,1
14107,1
14111,1
14112,1
14114,1
14116,1
14118,1
14119,1
14121,1
14128,1
14129,1
14130,1
14134,1
14137,1
14139,1
14141,1
14145,1
14147,1
14148,1
14150,1
14151,1
14153,1
14156,1
14160,1
14162,1
14164,1
14167,1
14170,1
14174,1
14177,1
14179,1
14187,1
14191,1
14195,1
14204,1
14205,1
14207,1
14212,1
14213,1
14214,1
14216,1
14217,1
14219,1
14223,1
14231,1
14232,1
14233,1
14234,1
14236,1
14242,1
14245,1
14247,1
14251,1
14258,1
14266,1
14269,1
14272,1
14274,1
14275,1
14278,1
14281,1
14288,1
14291,1
14299,1
14300,1
14302,1
14306,1
14307,1
14308,1
14309,1
14313,1
14317,1
14324,1
14325,1
14333,1
14334,1
14335,1
14337,1
14338,1
14344,1
14348,1
14353,1
14356,1
14359,1
14362,1
14363,1
14365,1
14367,1
14377,1
14378,1
14380,1
14388,1
14392,1
14393,1
14394,1
14399,1
14400,1
14401,1
14405,1
14409,1
14412,1
14414,1
14423,1
14424,1
14426,1
14430,1
14437,1
14438,1
14439,1
14440,1
14443,1
14445,1
14450,1
14453,1
14455,1
14457,1
14463,1
14465,1
14470,1
14474,1
14477,1
14479,1
14482,1
14486,1
14488,1
14489,1
14490,1
14491,1
14495,1
14500,1
14501,1
14502,1
14508,1
14513,1
14520,1
14524,1
14527,1
14528,1
14530,1
14531,1
14533,1
14534,1
14539,1
14545,1
14546,1
14549,1
14552,1
14553,1
14558,1
14561,1
14562,1
14563,1
14567,1
14568,1
14569,1
14571,1
14580,1
14581,1
14582,1
14586,1
14587,1
14591,1
14597,1
14598,1
14600,1
14612,1
14616,1
14620,1
14624,1
14629,1
14631,1
14632,1
14639,1
14652,1
14654,1
14660,1
14663,1
14665,1
14669,1
14670,1
14672,1
14674,1
14676,1
14678,1
14679,1
14683,1
14685,1
14686,1
14688,1
14691,1
14699,1
14705,1
14709,1
14710,1
14713,1
14715,1
14733,1
14739,1
14743,1
14745,1
14746,1
14747,1
14751,1
14757,1
14761,1
14767,1
14768,1
14770,1
14771,1
14772,1
14773,1
14779,1
14780,1
14784,1
14786,1
14802,1
14803,1
14808,1
14809,1
14816,1
14833,1
14835,1
14836,1
14838,1
14846,1
14849,1
14850,1
14852,1
14853,1
14859,1
14861,1
14865,1
14866,1
14871,1
14872,1
14874,1
14877,1
14881,1
14882,1
14885,1
14889,1
14898,1
14901,1
14903,1
14911,1
14914,1
14918,1
14920,1
14921,1
14923,1
14927,1
14929,1
14930,1
14931,1
14932,1
14935,1
14937,1
14939,1
14943,1
14948,1
14951,1
14958,1
14960,1
14961,1
14972,1
14980,1
14981,1
14982,1
14983,1
14984,1
14986,1
14991,1
14992,1
14993,1
14998,1
14999,1
